level,up,stay,down,requireCoin,ExpectedGold
0,10000,0,0,1500,1500
1,9500,500,0,300,315.79
2,9000,1000,0,375,416.66
3,8500,1500,0,449,528.22
4,8000,2000,0,524,654.96
5,7500,2500,0,598,797.24
6,7000,3000,0,672,959.82
7,6500,3500,0,747,1148.9
8,6000,4000,0,821,1367.73
9,5500,4500,0,895,1626.19
10,5000,5000,0,969,1936.08
11,4800,5200,0,1043,2170.39
12,4600,5400,0,1116,2422.78
13,4400,5600,0,1189,2697.94
14,4200,5800,0,1263,3001.48
15,4000,6000,0,1335,3330.09
16,3800,6200,0,1408,3695.55
17,3600,6400,0,1480,4098.34
18,3400,6600,0,1552,4547.84
19,3200,6800,0,1624,5052.59
20,3000,7000,0,1696,5623.34
21,3000,6980,20,1767,5897.51
22,3000,6960,40,1837,6171.43
23,3000,6940,60,1907,6448.41
24,3000,6920,80,1977,6728.47
25,3000,6900,100,2047,7011.59
26,3000,6880,120,2116,7294.33
27,3000,6860,140,2184,7576.63
28,3000,6840,160,2252,7861.9
29,3000,6820,180,2320,8150.15
30,3000,6800,200,2387,8437.85
31,3000,6780,220,2454,8728.48
32,3000,6760,240,2520,9018.47
33,3000,6740,260,2585,9307.74
34,3000,6720,280,2650,9599.86
35,3000,6700,300,2714,9891.18
36,3000,6680,320,2778,10185.31
37,3000,6660,340,2841,10478.54
38,3000,6640,360,2903,10770.82
39,3000,6620,380,2965,11065.82
40,2500,7500,0,3026,11999.16
41,2500,7450,50,3087,12482.91
42,2500,7400,100,3146,12967.91
43,2500,7350,150,3205,13462.07
44,2500,7300,200,3264,13965.4
45,2500,7250,250,3321,14469.17
46,2500,7200,300,3378,14981.77
47,2500,7150,350,3434,15498.69
48,2500,7100,400,3489,16019.69
49,2500,7050,450,3543,16544.52
50,2500,7000,500,3597,17077.69
51,2500,6950,550,3650,17614.37
52,2500,6900,600,3702,18154.32
53,2500,6850,650,3753,18697.3
54,2500,6800,700,3803,19243.07
55,2500,6750,750,3852,19791.4
56,2500,6700,800,3900,20342.03
57,2500,6650,850,3948,20900.03
58,2500,6600,900,3994,21454.65
59,2500,6550,950,4040,22016.31
60,2000,8000,0,4085,20117.44
61,2000,7900,100,4129,21330.11
62,2000,7800,200,4171,22551.86
63,2000,7700,300,4213,23792.44
64,2000,7600,400,4254,25045.86
65,2000,7500,500,4294,26311.3
66,2000,7400,600,4333,27587.96
67,2000,7300,700,4370,28868.43
68,2000,7200,800,4407,30164.91
69,2000,7100,900,4443,31470.24
70,2000,7000,1000,4478,32783.64
71,2000,6900,1100,4511,34096.77
72,2000,6800,1200,4544,35423.76
73,2000,6700,1300,4575,36748.48
74,2000,6600,1400,4606,38086
75,2000,6500,1500,4635,39419.27
76,2000,6400,1600,4663,40755.56
77,2000,6300,1700,4690,42094.13
78,2000,6200,1800,4717,43443.45
79,2000,6100,1900,4742,44784.59
80,1500,8500,0,4765,30849.66
81,1500,8290,210,4788,35164.64
82,1500,8080,420,4810,39480.92
83,1500,7870,630,4830,43784.23
84,1500,7660,840,4849,48077.62
85,1500,7450,1050,4868,52368.18
86,1500,7240,1260,4885,56631.96
87,1500,7030,1470,4900,60863.46
88,1500,6820,1680,4915,65083.92
89,1500,6610,1890,4929,69279.11
90,1000,6900,2100,4941,124871.11
91,1000,6690,2310,4952,131943.13
92,1000,6480,2520,4962,138842.45
93,1000,6270,2730,4971,145570.31
94,1000,6060,2940,4979,152127.95
95,1000,5850,3150,4985,158484.87
96,1000,5640,3360,4991,164704.7
97,1000,5430,3570,4995,170723.95
98,1000,5220,3780,4998,176575.7
99,1000,5010,3990,4999,182224.76
100,1000,8000,1000,5000,87291.18
101,900,8055,1045,5013,100936.77
102,900,8010,1090,5026,103156.1
103,900,7965,1135,5039,105370.79
104,900,7920,1180,5052,107580.85
105,900,7875,1225,5065,109786.28
106,900,7830,1270,5078,111987.1
107,900,7785,1315,5091,114183.32
108,900,7740,1360,5104,116374.95
109,900,7695,1405,5117,118562.03
110,900,7650,1450,5130,120744.57
111,900,7605,1495,5143,122922.59
112,900,7560,1540,5156,125096.12
113,900,7515,1585,5169,127265.2
114,900,7470,1630,5182,129429.84
115,900,7425,1675,5195,131590.08
116,900,7380,1720,5208,133745.94
117,900,7335,1765,5221,135897.47
118,900,7290,1810,5234,138044.69
119,900,7245,1855,5247,140187.63
120,900,7200,1900,5260,142326.34
121,900,7155,1945,5273,144460.83
122,900,7110,1990,5286,146591.16
123,900,7065,2035,5299,148717.35
124,900,7020,2080,5312,150839.44
125,900,6975,2125,5325,152957.45
126,900,6930,2170,5338,155071.44
127,900,6885,2215,5351,157181.43
128,900,6840,2260,5364,159287.46
129,900,6795,2305,5377,161389.56
130,900,6750,2350,5390,163487.77
131,900,6705,2395,5403,165582.12
132,900,6660,2440,5416,167672.65
133,900,6615,2485,5429,169759.4
134,900,6570,2530,5442,171842.39
135,900,6525,2575,5455,173921.67
136,900,6480,2620,5468,175997.26
137,900,6435,2665,5481,178069.2
138,900,6390,2710,5494,180137.53
139,900,6345,2755,5507,182202.28
140,900,6300,2800,5520,184263.48
141,900,6255,2845,5533,186321.16
142,900,6210,2890,5546,188375.36
143,900,6165,2935,5559,190426.11
144,900,6120,2980,5572,192473.45
145,900,6075,3025,5585,194517.4
146,900,6030,3070,5598,196557.99
147,900,5985,3115,5611,198595.26
148,900,5940,3160,5624,200629.24
149,900,5895,3205,5637,202659.96
150,900,5850,3250,5650,204687.45
151,900,5805,3295,5663,206711.75
152,900,5760,3340,5676,208732.87
153,900,5715,3385,5689,210750.85
154,900,5670,3430,5702,212765.72
155,900,5625,3475,5715,214777.5
156,900,5580,3520,5728,216786.24
157,900,5535,3565,5741,218791.95
158,900,5490,3610,5754,220794.66
159,900,5445,3655,5767,222794.41
160,900,5400,3700,5780,224791.21
161,900,5355,3745,5793,226785.1
162,900,5310,3790,5806,228776.1
163,900,5265,3835,5819,230764.24
164,900,5220,3880,5832,232749.55
165,900,5175,3925,5845,234732.05
166,900,5130,3970,5858,236711.76
167,900,5085,4015,5871,238688.72
168,900,5040,4060,5884,240662.95
169,900,4995,4105,5897,242634.47
170,900,4950,4150,5910,244603.31
171,900,4905,4195,5923,246569.48
172,900,4860,4240,5936,248533.03
173,900,4815,4285,5949,250493.97
174,900,4770,4330,5962,252452.31
175,900,4725,4375,5975,254408.1
176,900,4680,4420,5988,256361.35
177,900,4635,4465,6001,258312.07
178,900,4590,4510,6014,260260.31
179,900,4545,4555,6027,262206.07
180,900,4500,4600,6040,264149.38
181,900,4455,4645,6053,266090.26
182,900,4410,4690,6066,268028.73
183,900,4365,4735,6079,269964.82
184,900,4320,4780,6092,271898.54
185,900,4275,4825,6105,273829.92
186,900,4230,4870,6118,275758.97
187,900,4185,4915,6131,277685.72
188,900,4140,4960,6144,279610.19
189,900,4095,5005,6157,281532.39
190,900,4050,5050,6170,283452.36
191,900,4005,5095,6183,285370.09
192,900,3960,5140,6196,287285.62
193,900,3915,5185,6209,289198.97
194,900,3870,5230,6222,291110.15
195,900,3825,5275,6235,293019.18
196,900,3780,5320,6248,294926.08
197,900,3735,5365,6261,296830.86
198,900,3690,5410,6274,298733.56
199,900,3645,5455,6287,300634.17
200,900,3600,5500,6300,302532.73
201,860,7885,1255,10463,241587.05
202,860,7840,1300,10476,246028.28
203,860,7795,1345,10489,250445.17
204,860,7750,1390,10502,254837.97
205,860,7705,1435,10515,259206.89
206,860,7660,1480,10528,263552.17
207,860,7615,1525,10541,267874.04
208,860,7570,1570,10554,272172.74
209,860,7525,1615,10567,276448.51
210,860,7480,1660,10580,280701.57
211,860,7435,1705,10593,284932.16
212,860,7390,1750,10606,289140.53
213,860,7345,1795,10619,293326.9
214,860,7300,1840,10632,297491.5
215,860,7255,1885,10645,301634.58
216,860,7210,1930,10658,305756.36
217,860,7165,1975,10671,309857.07
218,860,7120,2020,10684,313936.94
219,860,7075,2065,10697,317996.2
220,860,7030,2110,10710,322035.06
221,860,6985,2155,10723,326053.77
222,860,6940,2200,10736,330052.52
223,860,6895,2245,10749,334031.55
224,860,6850,2290,10762,337991.07
225,860,6805,2335,10775,341931.29
226,860,6760,2380,10788,345852.43
227,860,6715,2425,10801,349754.69
228,860,6670,2470,10814,353638.28
229,860,6625,2515,10827,357503.4
230,860,6580,2560,10840,361350.27
231,860,6535,2605,10853,365179.07
232,860,6490,2650,10866,368990
233,860,6445,2695,10879,372783.27
234,860,6400,2740,10892,376559.06
235,860,6355,2785,10905,380317.57
236,860,6310,2830,10918,384058.97
237,860,6265,2875,10931,387783.47
238,860,6220,2920,10944,391491.23
239,860,6175,2965,10957,395182.44
240,860,6130,3010,10970,398857.29
241,860,6085,3055,10983,402515.94
242,860,6040,3100,10996,406158.57
243,860,5995,3145,11009,409785.36
244,860,5950,3190,11022,413396.46
245,860,5905,3235,11035,416992.06
246,860,5860,3280,11048,420572.31
247,860,5815,3325,11061,424137.38
248,860,5770,3370,11074,427687.42
249,860,5725,3415,11087,431222.61
250,860,5680,3460,11100,434743.09
251,860,5635,3505,11113,438249.01
252,860,5590,3550,11126,441740.54
253,860,5545,3595,11139,445217.82
254,860,5500,3640,11152,448681
255,860,5455,3685,11165,452130.23
256,860,5410,3730,11178,455565.65
257,860,5365,3775,11191,458987.41
258,860,5320,3820,11204,462395.64
259,860,5275,3865,11217,465790.49
260,860,5230,3910,11230,469172.09
261,860,5185,3955,11243,472540.58
262,860,5140,4000,11256,475896.09
263,860,5095,4045,11269,479238.76
264,860,5050,4090,11282,482568.71
265,860,5005,4135,11295,485886.07
266,860,4960,4180,11308,489190.97
267,860,4915,4225,11321,492483.54
268,860,4870,4270,11334,495763.89
269,860,4825,4315,11347,499032.16
270,860,4780,4360,11360,502288.46
271,860,4735,4405,11373,505532.91
272,860,4690,4450,11386,508765.62
273,860,4645,4495,11399,511986.72
274,860,4600,4540,11412,515196.32
275,860,4555,4585,11425,518394.53
276,860,4510,4630,11438,521581.46
277,860,4465,4675,11451,524757.22
278,860,4420,4720,11464,527921.93
279,860,4375,4765,11477,531075.68
280,860,4330,4810,11490,534218.59
281,860,4285,4855,11503,537350.76
282,860,4240,4900,11516,540472.29
283,860,4195,4945,11529,543583.28
284,860,4150,4990,11542,546683.84
285,860,4105,5035,11555,549774.07
286,860,4060,5080,11568,552854.05
287,860,4015,5125,11581,555923.9
288,860,3970,5170,11594,558983.7
289,860,3925,5215,11607,562033.56
290,860,3880,5260,11620,565073.55
291,860,3835,5305,11633,568103.79
292,860,3790,5350,11646,571124.35
293,860,3745,5395,11659,574135.32
294,860,3700,5440,11672,577136.81
295,860,3655,5485,11685,580128.89
296,860,3610,5530,11698,583111.65
297,860,3565,5575,11711,586085.17
298,860,3520,5620,11724,589049.55
299,860,3475,5665,11737,592004.86
300,860,3430,5710,11750,594951.19
301,820,7715,1465,15913,417601.56
302,820,7670,1510,15926,424270.04
303,820,7625,1555,15939,430890.55
304,820,7580,1600,15952,437463.67
305,820,7535,1645,15965,443989.96
306,820,7490,1690,15978,450469.98
307,820,7445,1735,15991,456904.29
308,820,7400,1780,16004,463293.45
309,820,7355,1825,16017,469638.01
310,820,7310,1870,16030,475938.51
311,820,7265,1915,16043,482195.49
312,820,7220,1960,16056,488409.49
313,820,7175,2005,16069,494581.04
314,820,7130,2050,16082,500710.67
315,820,7085,2095,16095,506798.88
316,820,7040,2140,16108,512846.19
317,820,6995,2185,16121,518853.11
318,820,6950,2230,16134,524820.13
319,820,6905,2275,16147,530747.74
320,820,6860,2320,16160,536636.44
321,820,6815,2365,16173,542486.71
322,820,6770,2410,16186,548299
323,820,6725,2455,16199,554073.8
324,820,6680,2500,16212,559811.56
325,820,6635,2545,16225,565512.73
326,820,6590,2590,16238,571177.76
327,820,6545,2635,16251,576807.1
328,820,6500,2680,16264,582401.18
329,820,6455,2725,16277,587960.42
330,820,6410,2770,16290,593485.26
331,820,6365,2815,16303,598976.09
332,820,6320,2860,16316,604433.35
333,820,6275,2905,16329,609857.42
334,820,6230,2950,16342,615248.71
335,820,6185,2995,16355,620607.61
336,820,6140,3040,16368,625934.51
337,820,6095,3085,16381,631229.78
338,820,6050,3130,16394,636493.81
339,820,6005,3175,16407,641726.96
340,820,5960,3220,16420,646929.6
341,820,5915,3265,16433,652102.08
342,820,5870,3310,16446,657244.77
343,820,5825,3355,16459,662358
344,820,5780,3400,16472,667442.13
345,820,5735,3445,16485,672497.48
346,820,5690,3490,16498,677524.4
347,820,5645,3535,16511,682523.21
348,820,5600,3580,16524,687494.24
349,820,5555,3625,16537,692437.8
350,820,5510,3670,16550,697354.21
351,820,5465,3715,16563,702243.78
352,820,5420,3760,16576,707106.82
353,820,5375,3805,16589,711943.61
354,820,5330,3850,16602,716754.47
355,820,5285,3895,16615,721539.68
356,820,5240,3940,16628,726299.53
357,820,5195,3985,16641,731034.3
358,820,5150,4030,16654,735744.27
359,820,5105,4075,16667,740429.73
360,820,5060,4120,16680,745090.93
361,820,5015,4165,16693,749728.15
362,820,4970,4210,16706,754341.65
363,820,4925,4255,16719,758931.7
364,820,4880,4300,16732,763498.53
365,820,4835,4345,16745,768042.42
366,820,4790,4390,16758,772563.61
367,820,4745,4435,16771,777062.35
368,820,4700,4480,16784,781538.86
369,820,4655,4525,16797,785993.41
370,820,4610,4570,16810,790426.21
371,820,4565,4615,16823,794837.51
372,820,4520,4660,16836,799227.53
373,820,4475,4705,16849,803596.49
374,820,4430,4750,16862,807944.63
375,820,4385,4795,16875,812272.15
376,820,4340,4840,16888,816579.28
377,820,4295,4885,16901,820866.22
378,820,4250,4930,16914,825133.2
379,820,4205,4975,16927,829380.41
380,820,4160,5020,16940,833608.06
381,820,4115,5065,16953,837816.36
382,820,4070,5110,16966,842005.5
383,820,4025,5155,16979,846175.67
384,820,3980,5200,16992,850327.08
385,820,3935,5245,17005,854459.92
386,820,3890,5290,17018,858574.36
387,820,3845,5335,17031,862670.61
388,820,3800,5380,17044,866748.83
389,820,3755,5425,17057,870809.23
390,820,3710,5470,17070,874851.96
391,820,3665,5515,17083,878877.21
392,820,3620,5560,17096,882885.16
393,820,3575,5605,17109,886875.97
394,820,3530,5650,17122,890849.82
395,820,3485,5695,17135,894806.87
396,820,3440,5740,17148,898747.29
397,820,3395,5785,17161,902671.24
398,820,3350,5830,17174,906578.88
399,820,3305,5875,17187,910470.37
400,820,3260,5920,17200,914345.87
401,780,7545,1675,21363,631662.67
402,780,7500,1720,21376,640484.76
403,780,7455,1765,21389,649231.82
404,780,7410,1810,21402,657904.9
405,780,7365,1855,21415,666505.02
406,780,7320,1900,21428,675033.18
407,780,7275,1945,21441,683490.39
408,780,7230,1990,21454,691877.62
409,780,7185,2035,21467,700195.85
410,780,7140,2080,21480,708446.03
411,780,7095,2125,21493,716629.11
412,780,7050,2170,21506,724746.01
413,780,7005,2215,21519,732797.65
414,780,6960,2260,21532,740784.93
415,780,6915,2305,21545,748708.73
416,780,6870,2350,21558,756569.93
417,780,6825,2395,21571,764369.38
418,780,6780,2440,21584,772107.94
419,780,6735,2485,21597,779786.43
420,780,6690,2530,21610,787405.67
421,780,6645,2575,21623,794966.48
422,780,6600,2620,21636,802469.63
423,780,6555,2665,21649,809915.91
424,780,6510,2710,21662,817306.09
425,780,6465,2755,21675,824640.92
426,780,6420,2800,21688,831921.15
427,780,6375,2845,21701,839147.49
428,780,6330,2890,21714,846320.68
429,780,6285,2935,21727,853441.41
430,780,6240,2980,21740,860510.38
431,780,6195,3025,21753,867528.27
432,780,6150,3070,21766,874495.76
433,780,6105,3115,21779,881413.5
434,780,6060,3160,21792,888282.15
435,780,6015,3205,21805,895102.33
436,780,5970,3250,21818,901874.69
437,780,5925,3295,21831,908599.84
438,780,5880,3340,21844,915278.38
439,780,5835,3385,21857,921910.92
440,780,5790,3430,21870,928498.04
441,780,5745,3475,21883,935040.32
442,780,5700,3520,21896,941538.32
443,780,5655,3565,21909,947992.62
444,780,5610,3610,21922,954403.76
445,780,5565,3655,21935,960772.28
446,780,5520,3700,21948,967098.71
447,780,5475,3745,21961,973383.59
448,780,5430,3790,21974,979627.41
449,780,5385,3835,21987,985830.7
450,780,5340,3880,22000,991993.95
451,780,5295,3925,22013,998117.66
452,780,5250,3970,22026,1004202.3
453,780,5205,4015,22039,1010248.36
454,780,5160,4060,22052,1016256.29
455,780,5115,4105,22065,1022226.57
456,780,5070,4150,22078,1028159.65
457,780,5025,4195,22091,1034055.96
458,780,4980,4240,22104,1039915.96
459,780,4935,4285,22117,1045740.08
460,780,4890,4330,22130,1051528.74
461,780,4845,4375,22143,1057282.36
462,780,4800,4420,22156,1063001.35
463,780,4755,4465,22169,1068686.13
464,780,4710,4510,22182,1074337.08
465,780,4665,4555,22195,1079954.61
466,780,4620,4600,22208,1085539.11
467,780,4575,4645,22221,1091090.95
468,780,4530,4690,22234,1096610.51
469,780,4485,4735,22247,1102098.17
470,780,4440,4780,22260,1107554.28
471,780,4395,4825,22273,1112979.22
472,780,4350,4870,22286,1118373.32
473,780,4305,4915,22299,1123736.95
474,780,4260,4960,22312,1129070.44
475,780,4215,5005,22325,1134374.14
476,780,4170,5050,22338,1139648.38
477,780,4125,5095,22351,1144893.48
478,780,4080,5140,22364,1150109.78
479,780,4035,5185,22377,1155297.58
480,780,3990,5230,22390,1160457.21
481,780,3945,5275,22403,1165588.97
482,780,3900,5320,22416,1170693.18
483,780,3855,5365,22429,1175770.12
484,780,3810,5410,22442,1180820.11
485,780,3765,5455,22455,1185843.42
486,780,3720,5500,22468,1190840.36
487,780,3675,5545,22481,1195811.2
488,780,3630,5590,22494,1200756.22
489,780,3585,5635,22507,1205675.7
490,780,3540,5680,22520,1210569.91
491,780,3495,5725,22533,1215439.13
492,780,3450,5770,22546,1220283.61
493,780,3405,5815,22559,1225103.61
494,780,3360,5860,22572,1229899.4
495,780,3315,5905,22585,1234671.23
496,780,3270,5950,22598,1239419.34
497,780,3225,5995,22611,1244143.99
498,780,3180,6040,22624,1248845.42
499,780,3135,6085,22637,1253523.87
500,780,3090,6130,22650,1258179.57
501,740,7375,1885,26813,885490.74
502,740,7330,1930,26826,896298.27
503,740,7285,1975,26839,907001.34
504,740,7240,2020,26852,917601.55
505,740,7195,2065,26865,928100.52
506,740,7150,2110,26878,938499.8
507,740,7105,2155,26891,948800.94
508,740,7060,2200,26904,959005.46
509,740,7015,2245,26917,969114.84
510,740,6970,2290,26930,979130.55
511,740,6925,2335,26943,989054.02
512,740,6880,2380,26956,998886.66
513,740,6835,2425,26969,1008629.86
514,740,6790,2470,26982,1018284.97
515,740,6745,2515,26995,1027853.33
516,740,6700,2560,27008,1037336.25
517,740,6655,2605,27021,1046735.01
518,740,6610,2650,27034,1056050.88
519,740,6565,2695,27047,1065285.09
520,740,6520,2740,27060,1074438.87
521,740,6475,2785,27073,1083513.4
522,740,6430,2830,27086,1092509.86
523,740,6385,2875,27099,1101429.39
524,740,6340,2920,27112,1110273.13
525,740,6295,2965,27125,1119042.17
526,740,6250,3010,27138,1127737.62
527,740,6205,3055,27151,1136360.54
528,740,6160,3100,27164,1144911.97
529,740,6115,3145,27177,1153392.95
530,740,6070,3190,27190,1161804.47
531,740,6025,3235,27203,1170147.54
532,740,5980,3280,27216,1178423.13
533,740,5935,3325,27229,1186632.2
534,740,5890,3370,27242,1194775.67
535,740,5845,3415,27255,1202854.48
536,740,5800,3460,27268,1210869.52
537,740,5755,3505,27281,1218821.69
538,740,5710,3550,27294,1226711.85
539,740,5665,3595,27307,1234540.87
540,740,5620,3640,27320,1242309.59
541,740,5575,3685,27333,1250018.82
542,740,5530,3730,27346,1257669.39
543,740,5485,3775,27359,1265262.09
544,740,5440,3820,27372,1272797.7
545,740,5395,3865,27385,1280277
546,740,5350,3910,27398,1287700.74
547,740,5305,3955,27411,1295069.65
548,740,5260,4000,27424,1302384.48
549,740,5215,4045,27437,1309645.94
550,740,5170,4090,27450,1316854.73
551,740,5125,4135,27463,1324011.55
552,740,5080,4180,27476,1331117.08
553,740,5035,4225,27489,1338171.98
554,740,4990,4270,27502,1345176.91
555,740,4945,4315,27515,1352132.53
556,740,4900,4360,27528,1359039.46
557,740,4855,4405,27541,1365898.33
558,740,4810,4450,27554,1372709.75
559,740,4765,4495,27567,1379474.33
560,740,4720,4540,27580,1386192.67
561,740,4675,4585,27593,1392865.34
562,740,4630,4630,27606,1399492.93
563,740,4585,4675,27619,1406075.98
564,740,4540,4720,27632,1412615.07
565,740,4495,4765,27645,1419110.74
566,740,4450,4810,27658,1425563.52
567,740,4405,4855,27671,1431973.95
568,740,4360,4900,27684,1438342.54
569,740,4315,4945,27697,1444669.81
570,740,4270,4990,27710,1450956.25
571,740,4225,5035,27723,1457202.37
572,740,4180,5080,27736,1463408.66
573,740,4135,5125,27749,1469575.58
574,740,4090,5170,27762,1475703.62
575,740,4045,5215,27775,1481793.24
576,740,4000,5260,27788,1487844.89
577,740,3955,5305,27801,1493859.03
578,740,3910,5350,27814,1499836.1
579,740,3865,5395,27827,1505776.54
580,740,3820,5440,27840,1511680.77
581,740,3775,5485,27853,1517549.22
582,740,3730,5530,27866,1523382.3
583,740,3685,5575,27879,1529180.43
584,740,3640,5620,27892,1534944
585,740,3595,5665,27905,1540673.42
586,740,3550,5710,27918,1546369.08
587,740,3505,5755,27931,1552031.36
588,740,3460,5800,27944,1557660.64
589,740,3415,5845,27957,1563257.29
590,740,3370,5890,27970,1568821.7
591,740,3325,5935,27983,1574354.2
592,740,3280,5980,27996,1579855.18
593,740,3235,6025,28009,1585324.97
594,740,3190,6070,28022,1590763.92
595,740,3145,6115,28035,1596172.38
596,740,3100,6160,28048,1601550.68
597,740,3055,6205,28061,1606899.16
598,740,3010,6250,28074,1612218.14
599,740,2965,6295,28087,1617507.94
600,740,2920,6340,28100,1622768.88
601,700,7205,2095,32263,1179390.99
602,700,7160,2140,32276,1191910.68
603,700,7115,2185,32289,1204295.66
604,700,7070,2230,32302,1216548.26
605,700,7025,2275,32315,1228670.75
606,700,6980,2320,32328,1240665.34
607,700,6935,2365,32341,1252534.22
608,700,6890,2410,32354,1264279.51
609,700,6845,2455,32367,1275903.31
610,700,6800,2500,32380,1287407.65
611,700,6755,2545,32393,1298794.55
612,700,6710,2590,32406,1310065.95
613,700,6665,2635,32419,1321223.79
614,700,6620,2680,32432,1332269.93
615,700,6575,2725,32445,1343206.23
616,700,6530,2770,32458,1354034.49
617,700,6485,2815,32471,1364756.47
618,700,6440,2860,32484,1375373.91
619,700,6395,2905,32497,1385888.49
620,700,6350,2950,32510,1396301.88
621,700,6305,2995,32523,1406615.7
622,700,6260,3040,32536,1416831.55
623,700,6215,3085,32549,1426950.99
624,700,6170,3130,32562,1436975.53
625,700,6125,3175,32575,1446906.69
626,700,6080,3220,32588,1456745.92
627,700,6035,3265,32601,1466494.67
628,700,5990,3310,32614,1476154.34
629,700,5945,3355,32627,1485726.32
630,700,5900,3400,32640,1495211.94
631,700,5855,3445,32653,1504612.55
632,700,5810,3490,32666,1513929.44
633,700,5765,3535,32679,1523163.88
634,700,5720,3580,32692,1532317.13
635,700,5675,3625,32705,1541390.4
636,700,5630,3670,32718,1550384.89
637,700,5585,3715,32731,1559301.79
638,700,5540,3760,32744,1568142.24
639,700,5495,3805,32757,1576907.37
640,700,5450,3850,32770,1585598.31
641,700,5405,3895,32783,1594216.13
642,700,5360,3940,32796,1602761.9
643,700,5315,3985,32809,1611236.67
644,700,5270,4030,32822,1619641.46
645,700,5225,4075,32835,1627977.29
646,700,5180,4120,32848,1636245.14
647,700,5135,4165,32861,1644445.99
648,700,5090,4210,32874,1652580.77
649,700,5045,4255,32887,1660650.44
650,700,5000,4300,32900,1668655.9
651,700,4955,4345,32913,1676598.06
652,700,4910,4390,32926,1684477.8
653,700,4865,4435,32939,1692295.99
654,700,4820,4480,32952,1700053.47
655,700,4775,4525,32965,1707751.09
656,700,4730,4570,32978,1715389.66
657,700,4685,4615,32991,1722970
658,700,4640,4660,33004,1730492.88
659,700,4595,4705,33017,1737959.1
660,700,4550,4750,33030,1745369.41
661,700,4505,4795,33043,1752724.57
662,700,4460,4840,33056,1760025.31
663,700,4415,4885,33069,1767272.35
664,700,4370,4930,33082,1774466.41
665,700,4325,4975,33095,1781608.18
666,700,4280,5020,33108,1788698.36
667,700,4235,5065,33121,1795737.61
668,700,4190,5110,33134,1802726.6
669,700,4145,5155,33147,1809665.98
670,700,4100,5200,33160,1816556.4
671,700,4055,5245,33173,1823398.48
672,700,4010,5290,33186,1830192.83
673,700,3965,5335,33199,1836940.08
674,700,3920,5380,33212,1843640.81
675,700,3875,5425,33225,1850295.62
676,700,3830,5470,33238,1856905.08
677,700,3785,5515,33251,1863469.77
678,700,3740,5560,33264,1869990.24
679,700,3695,5605,33277,1876467.04
680,700,3650,5650,33290,1882900.71
681,700,3605,5695,33303,1889291.8
682,700,3560,5740,33316,1895640.81
683,700,3515,5785,33329,1901948.26
684,700,3470,5830,33342,1908214.67
685,700,3425,5875,33355,1914440.52
686,700,3380,5920,33368,1920626.32
687,700,3335,5965,33381,1926772.54
688,700,3290,6010,33394,1932879.65
689,700,3245,6055,33407,1938948.13
690,700,3200,6100,33420,1944978.44
691,700,3155,6145,33433,1950971.03
692,700,3110,6190,33446,1956926.34
693,700,3065,6235,33459,1962844.81
694,700,3020,6280,33472,1968726.88
695,700,2975,6325,33485,1974572.97
696,700,2930,6370,33498,1980383.5
697,700,2885,6415,33511,1986158.87
698,700,2840,6460,33524,1991899.51
699,700,2795,6505,33537,1997605.8
700,700,2750,6550,33550,2003278.14
701,660,7035,2305,37713,1511786.24
702,660,6990,2350,37726,1525637.82
703,660,6945,2395,37739,1539325.89
704,660,6900,2440,37752,1552853.53
705,660,6855,2485,37765,1566223.72
706,660,6810,2530,37778,1579439.41
707,660,6765,2575,37791,1592503.46
708,660,6720,2620,37804,1605418.65
709,660,6675,2665,37817,1618187.71
710,660,6630,2710,37830,1630813.33
711,660,6585,2755,37843,1643298.09
712,660,6540,2800,37856,1655644.55
713,660,6495,2845,37869,1667855.19
714,660,6450,2890,37882,1679932.45
715,660,6405,2935,37895,1691878.7
716,660,6360,2980,37908,1703696.25
717,660,6315,3025,37921,1715387.39
718,660,6270,3070,37934,1726954.32
719,660,6225,3115,37947,1738399.21
720,660,6180,3160,37960,1749724.18
721,660,6135,3205,37973,1760931.3
722,660,6090,3250,37986,1772022.6
723,660,6045,3295,37999,1783000.06
724,660,6000,3340,38012,1793865.6
725,660,5955,3385,38025,1804621.14
726,660,5910,3430,38038,1815268.51
727,660,5865,3475,38051,1825809.53
728,660,5820,3520,38064,1836245.98
729,660,5775,3565,38077,1846579.58
730,660,5730,3610,38090,1856812.03
731,660,5685,3655,38103,1866944.99
732,660,5640,3700,38116,1876980.09
733,660,5595,3745,38129,1886918.92
734,660,5550,3790,38142,1896763.03
735,660,5505,3835,38155,1906513.95
736,660,5460,3880,38168,1916173.17
737,660,5415,3925,38181,1925742.14
738,660,5370,3970,38194,1935222.3
739,660,5325,4015,38207,1944615.06
740,660,5280,4060,38220,1953921.77
741,660,5235,4105,38233,1963143.78
742,660,5190,4150,38246,1972282.41
743,660,5145,4195,38259,1981338.95
744,660,5100,4240,38272,1990314.65
745,660,5055,4285,38285,1999210.77
746,660,5010,4330,38298,2008028.5
747,660,4965,4375,38311,2016769.04
748,660,4920,4420,38324,2025433.56
749,660,4875,4465,38337,2034023.18
750,660,4830,4510,38350,2042539.04
751,660,4785,4555,38363,2050982.23
752,660,4740,4600,38376,2059353.82
753,660,4695,4645,38389,2067654.87
754,660,4650,4690,38402,2075886.42
755,660,4605,4735,38415,2084049.47
756,660,4560,4780,38428,2092145.02
757,660,4515,4825,38441,2100174.05
758,660,4470,4870,38454,2108137.51
759,660,4425,4915,38467,2116036.35
760,660,4380,4960,38480,2123871.48
761,660,4335,5005,38493,2131643.81
762,660,4290,5050,38506,2139354.22
763,660,4245,5095,38519,2147003.59
764,660,4200,5140,38532,2154592.77
765,660,4155,5185,38545,2162122.6
766,660,4110,5230,38558,2169593.9
767,660,4065,5275,38571,2177007.48
768,660,4020,5320,38584,2184364.12
769,660,3975,5365,38597,2191664.63
770,660,3930,5410,38610,2198909.74
771,660,3885,5455,38623,2206100.23
772,660,3840,5500,38636,2213236.82
773,660,3795,5545,38649,2220320.23
774,660,3750,5590,38662,2227351.19
775,660,3705,5635,38675,2234330.39
776,660,3660,5680,38688,2241258.52
777,660,3615,5725,38701,2248136.24
778,660,3570,5770,38714,2254964.23
779,660,3525,5815,38727,2261743.14
780,660,3480,5860,38740,2268473.6
781,660,3435,5905,38753,2275156.25
782,660,3390,5950,38766,2281791.69
783,660,3345,5995,38779,2288380.55
784,660,3300,6040,38792,2294923.42
785,660,3255,6085,38805,2301420.88
786,660,3210,6130,38818,2307873.51
787,660,3165,6175,38831,2314281.88
788,660,3120,6220,38844,2320646.55
789,660,3075,6265,38857,2326968.07
790,660,3030,6310,38870,2333246.97
791,660,2985,6355,38883,2339483.78
792,660,2940,6400,38896,2345679.04
793,660,2895,6445,38909,2351833.25
794,660,2850,6490,38922,2357946.91
795,660,2805,6535,38935,2364020.53
796,660,2760,6580,38948,2370054.59
797,660,2715,6625,38961,2376049.57
798,660,2670,6670,38974,2382005.95
799,660,2625,6715,38987,2387924.19
800,660,2580,6760,39000,2393804.74
801,620,6865,2515,43163,1878809.99
802,620,6820,2560,43176,1893517.06
803,620,6775,2605,43189,1908035.86
804,620,6730,2650,43202,1922370.2
805,620,6685,2695,43215,1936523.81
806,620,6640,2740,43228,1950500.32
807,620,6595,2785,43241,1964303.27
808,620,6550,2830,43254,1977936.1
809,620,6505,2875,43267,1991402.18
810,620,6460,2920,43280,2004704.77
811,620,6415,2965,43293,2017847.07
812,620,6370,3010,43306,2030832.18
813,620,6325,3055,43319,2043663.15
814,620,6280,3100,43332,2056342.93
815,620,6235,3145,43345,2068874.41
816,620,6190,3190,43358,2081260.39
817,620,6145,3235,43371,2093503.63
818,620,6100,3280,43384,2105606.8
819,620,6055,3325,43397,2117572.51
820,620,6010,3370,43410,2129403.32
821,620,5965,3415,43423,2141101.71
822,620,5920,3460,43436,2152670.1
823,620,5875,3505,43449,2164110.88
824,620,5830,3550,43462,2175426.36
825,620,5785,3595,43475,2186618.78
826,620,5740,3640,43488,2197690.37
827,620,5695,3685,43501,2208643.27
828,620,5650,3730,43514,2219479.59
829,620,5605,3775,43527,2230201.38
830,620,5560,3820,43540,2240810.66
831,620,5515,3865,43553,2251309.38
832,620,5470,3910,43566,2261699.47
833,620,5425,3955,43579,2271982.8
834,620,5380,4000,43592,2282161.19
835,620,5335,4045,43605,2292236.44
836,620,5290,4090,43618,2302210.31
837,620,5245,4135,43631,2312084.49
838,620,5200,4180,43644,2321860.67
839,620,5155,4225,43657,2331540.48
840,620,5110,4270,43670,2341125.53
841,620,5065,4315,43683,2350617.37
842,620,5020,4360,43696,2360017.54
843,620,4975,4405,43709,2369327.54
844,620,4930,4450,43722,2378548.84
845,620,4885,4495,43735,2387682.87
846,620,4840,4540,43748,2396731.04
847,620,4795,4585,43761,2405694.71
848,620,4750,4630,43774,2414575.25
849,620,4705,4675,43787,2423373.95
850,620,4660,4720,43800,2432092.12
851,620,4615,4765,43813,2440731.02
852,620,4570,4810,43826,2449291.89
853,620,4525,4855,43839,2457775.93
854,620,4480,4900,43852,2466184.34
855,620,4435,4945,43865,2474518.27
856,620,4390,4990,43878,2482778.87
857,620,4345,5035,43891,2490967.25
858,620,4300,5080,43904,2499084.51
859,620,4255,5125,43917,2507131.72
860,620,4210,5170,43930,2515109.92
861,620,4165,5215,43943,2523020.16
862,620,4120,5260,43956,2530863.43
863,620,4075,5305,43969,2538640.74
864,620,4030,5350,43982,2546353.04
865,620,3985,5395,43995,2554001.29
866,620,3940,5440,44008,2561586.43
867,620,3895,5485,44021,2569109.36
868,620,3850,5530,44034,2576571
869,620,3805,5575,44047,2583972.21
870,620,3760,5620,44060,2591313.86
871,620,3715,5665,44073,2598596.8
872,620,3670,5710,44086,2605821.87
873,620,3625,5755,44099,2612989.86
874,620,3580,5800,44112,2620101.6
875,620,3535,5845,44125,2627157.86
876,620,3490,5890,44138,2634159.42
877,620,3445,5935,44151,2641107.03
878,620,3400,5980,44164,2648001.43
879,620,3355,6025,44177,2654843.36
880,620,3310,6070,44190,2661633.53
881,620,3265,6115,44203,2668372.65
882,620,3220,6160,44216,2675061.41
883,620,3175,6205,44229,2681700.48
884,620,3130,6250,44242,2688290.53
885,620,3085,6295,44255,2694832.22
886,620,3040,6340,44268,2701326.19
887,620,2995,6385,44281,2707773.07
888,620,2950,6430,44294,2714173.48
889,620,2905,6475,44307,2720528.04
890,620,2860,6520,44320,2726837.34
891,620,2815,6565,44333,2733101.97
892,620,2770,6610,44346,2739322.5
893,620,2725,6655,44359,2745499.52
894,620,2680,6700,44372,2751633.57
895,620,2635,6745,44385,2757725.21
896,620,2590,6790,44398,2763774.98
897,620,2545,6835,44411,2769783.41
898,620,2500,6880,44424,2775751.01
899,620,2455,6925,44437,2781678.31
900,620,2410,6970,44450,2787565.81
901,580,6695,2725,48613,2274058.37
902,580,6650,2770,48626,2289074.18
903,580,6605,2815,48639,2303883.69
904,580,6560,2860,48652,2318491.39
905,580,6515,2905,48665,2332901.64
906,580,6470,2950,48678,2347118.69
907,580,6425,2995,48691,2361146.66
908,580,6380,3040,48704,2374989.57
909,580,6335,3085,48717,2388651.32
910,580,6290,3130,48730,2402135.69
911,580,6245,3175,48743,2415446.39
912,580,6200,3220,48756,2428587.01
913,580,6155,3265,48769,2441561.05
914,580,6110,3310,48782,2454371.9
915,580,6065,3355,48795,2467022.87
916,580,6020,3400,48808,2479517.21
917,580,5975,3445,48821,2491858.04
918,580,5930,3490,48834,2504048.42
919,580,5885,3535,48847,2516091.34
920,580,5840,3580,48860,2527989.7
921,580,5795,3625,48873,2539746.32
922,580,5750,3670,48886,2551363.95
923,580,5705,3715,48899,2562845.29
924,580,5660,3760,48912,2574192.96
925,580,5615,3805,48925,2585409.49
926,580,5570,3850,48938,2596497.39
927,580,5525,3895,48951,2607459.08
928,580,5480,3940,48964,2618296.92
929,580,5435,3985,48977,2629013.23
930,580,5390,4030,48990,2639610.25
931,580,5345,4075,49003,2650090.18
932,580,5300,4120,49016,2660455.17
933,580,5255,4165,49029,2670707.31
934,580,5210,4210,49042,2680848.64
935,580,5165,4255,49055,2690881.15
936,580,5120,4300,49068,2700806.79
937,580,5075,4345,49081,2710627.47
938,580,5030,4390,49094,2720345.04
939,580,4985,4435,49107,2729961.3
940,580,4940,4480,49120,2739478.05
941,580,4895,4525,49133,2748897
942,580,4850,4570,49146,2758219.84
943,580,4805,4615,49159,2767448.23
944,580,4760,4660,49172,2776583.79
945,580,4715,4705,49185,2785628.08
946,580,4670,4750,49198,2794582.67
947,580,4625,4795,49211,2803449.05
948,580,4580,4840,49224,2812228.7
949,580,4535,4885,49237,2820923.06
950,580,4490,4930,49250,2829533.55
951,580,4445,4975,49263,2838061.54
952,580,4400,5020,49276,2846508.39
953,580,4355,5065,49289,2854875.41
954,580,4310,5110,49302,2863163.91
955,580,4265,5155,49315,2871375.14
956,580,4220,5200,49328,2879510.35
957,580,4175,5245,49341,2887570.74
958,580,4130,5290,49354,2895557.51
959,580,4085,5335,49367,2903471.81
960,580,4040,5380,49380,2911314.79
961,580,3995,5425,49393,2919087.55
962,580,3950,5470,49406,2926791.19
963,580,3905,5515,49419,2934426.78
964,580,3860,5560,49432,2941995.37
965,580,3815,5605,49445,2949497.97
966,580,3770,5650,49458,2956935.6
967,580,3725,5695,49471,2964309.23
968,580,3680,5740,49484,2971619.85
969,580,3635,5785,49497,2978868.38
970,580,3590,5830,49510,2986055.76
971,580,3545,5875,49523,2993182.89
972,580,3500,5920,49536,3000250.67
973,580,3455,5965,49549,3007259.97
974,580,3410,6010,49562,3014211.64
975,580,3365,6055,49575,3021106.54
976,580,3320,6100,49588,3027945.47
977,580,3275,6145,49601,3034729.25
978,580,3230,6190,49614,3041458.66
979,580,3185,6235,49627,3048134.5
980,580,3140,6280,49640,3054757.51
981,580,3095,6325,49653,3061328.45
982,580,3050,6370,49666,3067848.06
983,580,3005,6415,49679,3074317.04
984,580,2960,6460,49692,3080736.12
985,580,2915,6505,49705,3087105.98
986,580,2870,6550,49718,3093427.3
987,580,2825,6595,49731,3099700.76
988,580,2780,6640,49744,3105927.01
989,580,2735,6685,49757,3112106.69
990,580,2690,6730,49770,3118240.44
991,580,2645,6775,49783,3124328.88
992,580,2600,6820,49796,3130372.62
993,580,2555,6865,49809,3136372.26
994,580,2510,6910,49822,3142328.38
995,580,2465,6955,49835,3148241.58
996,580,2420,7000,49848,3154112.4
997,580,2375,7045,49861,3159941.43
998,580,2330,7090,49874,3165729.19
999,580,2285,7135,49887,3171476.23
